part,group,material,pieces,size_x_mm,size_y_mm,size_z_mm
fan_blisk_1,01 Fan,titanium,19,152.5,866.3,868.6
fan_blisk_2,01 Fan,titanium,31,103.0,840.7,842.9
fan_drum,01 Fan,titanium,1,89.0,437.1,437.1
spinner,01 Fan,titanium,1,228.0,256.0,256.0
vanes_fan_s1,01 Fan,titanium,41,83.0,860.2,860.2
vanes_fan_s2,01 Fan,titanium,53,85.5,830.7,830.7
blades_hpc_r1,02 Compressor,titanium,36,48.5,633.5,633.5
blades_hpc_r2,02 Compressor,titanium,42,42.4,628.2,628.6
blades_hpc_r3,02 Compressor,titanium,48,36.3,623.3,623.3
blades_hpc_r4,02 Compressor,nickel,54,31.3,620.3,620.5
blades_hpc_r5,02 Compressor,nickel,64,25.2,618.2,618.2
blades_hpc_r6,02 Compressor,nickel,76,20.2,616.5,616.5
cdfs_blisk,02 Compressor,titanium,38,100.1,763.7,763.7
hp_front_drum,02 Compressor,titanium,1,202.5,564.0,564.0
hpc_drum,02 Compressor,titanium,8,582.2,590.0,590.0
vanes_cdfs,02 Compressor,titanium,61,67.6,763.9,763.9
vanes_hpc_igv,02 Compressor,nickel,45,124.1,644.0,644.0
vanes_hpc_s1,02 Compressor,nickel,55,54.6,637.0,636.6
vanes_hpc_s2,02 Compressor,nickel,61,49.4,631.9,631.9
vanes_hpc_s3,02 Compressor,nickel,67,44.1,627.6,627.3
vanes_hpc_s4,02 Compressor,nickel,75,38.5,625.4,625.1
vanes_hpc_s5,02 Compressor,nickel,89,31.2,623.4,623.4
vsv_actuation,02 Compressor,steel,162,242.6,672.0,672.0
combustor_dome,03 Combustor,nickel_hot,1,10.0,691.7,691.7
combustor_inner_case,03 Combustor,nickel,1,340.0,590.0,590.0
combustor_liner_inner,03 Combustor,cmc,1,256.0,524.0,524.0
combustor_liner_outer,03 Combustor,cmc,1,256.0,700.0,700.0
combustor_mount_pins,03 Combustor,casing,36,12.0,750.0,740.7
diffuser,03 Combustor,nickel,90,28.0,622.0,621.8
fuel_manifold,03 Combustor,steel,1,20.0,969.5,969.5
fuel_nozzles,03 Combustor,steel,36,42.0,946.6,958.0
igniters,03 Combustor,steel,4,26.0,866.1,88.9
swirlers,03 Combustor,nickel_hot,198,26.0,641.1,650.0
blades_hpt_r,04 Turbines,nickel_hot,56,48.0,663.4,663.4
blades_lpt_r,04 Turbines,nickel_hot,46,60.6,729.3,729.8
hpt_disc,04 Turbines,nickel,2,92.6,524.0,524.0
lpt_disc,04 Turbines,nickel,2,70.5,501.7,501.7
vanes_hpt_ngv,04 Turbines,cmc,37,65.0,658.5,658.5
vanes_mtf,04 Turbines,nickel_hot,17,118.0,716.0,716.0
ab_fuel_control,05 Augmentor,steel,7,266.0,120.0,113.1
ab_fuel_manifold,05 Augmentor,steel,19,108.0,982.0,982.0
ab_igniter,05 Augmentor,steel,3,34.0,116.4,183.8
ab_spray_rings,05 Augmentor,inconel,147,106.0,732.0,732.0
ab_spraybars,05 Augmentor,inconel,224,50.0,951.7,951.7
augmentor_case,05 Augmentor,cmc,1,830.0,868.0,868.0
augmentor_liner,05 Augmentor,cmc,1,650.0,856.0,856.0
flameholder,05 Augmentor,cmc,35,46.3,844.0,844.0
mixer,05 Augmentor,nickel_hot,1,180.0,829.0,829.0
tailcone,05 Augmentor,cmc,1,544.0,494.0,494.0
nozzle_actuators,06 Nozzle,steel,24,200.0,894.1,894.1
nozzle_conv_flaps,06 Nozzle,cmc,32,180.0,883.9,883.9
nozzle_conv_seals,06 Nozzle,cmc,16,179.0,843.6,843.6
nozzle_div_flaps,06 Nozzle,cmc,32,220.0,730.1,730.1
nozzle_div_links,06 Nozzle,steel,48,60.0,803.0,803.0
nozzle_div_seals,06 Nozzle,cmc,16,219.0,693.0,693.0
nozzle_ext_flaps,06 Nozzle,inconel,16,400.0,940.0,940.0
nozzle_hinges,06 Nozzle,steel,48,200.0,945.6,945.6
nozzle_static_ring,06 Nozzle,inconel,48,100.0,980.0,980.0
nozzle_unison_ring,06 Nozzle,inconel,17,16.0,900.0,900.0
swivel_bearing_1,06 Nozzle,steel,151,24.0,1020.0,1020.0
swivel_bearing_2,06 Nozzle,steel,151,429.1,941.7,1020.0
swivel_bearing_3,06 Nozzle,steel,151,429.1,941.7,1020.0
swivel_coupling_1,06 Nozzle,steel,9,73.0,88.8,88.8
swivel_coupling_2,06 Nozzle,steel,7,83.4,102.3,88.8
swivel_coupling_3,06 Nozzle,steel,7,83.4,102.3,88.8
swivel_drive_1,06 Nozzle,steel,6,135.0,102.5,102.5
swivel_drive_2,06 Nozzle,steel,6,164.0,152.8,68.0
swivel_drive_3,06 Nozzle,steel,6,164.0,152.8,68.0
swivel_duct_aft,06 Nozzle,inconel,93,497.3,980.0,980.0
swivel_duct_fwd,06 Nozzle,inconel,93,497.3,980.0,980.0
swivel_duct_mid,06 Nozzle,inconel,93,914.7,958.0,980.0
swivel_fixed_ring,06 Nozzle,inconel,55,30.0,980.0,980.0
swivel_hyd_aft,06 Nozzle,steel,12,113.9,979.5,979.5
swivel_hyd_fwd,06 Nozzle,steel,4,478.4,1125.2,876.1
swivel_hyd_mid,06 Nozzle,steel,4,844.3,305.9,378.7
swivel_rotary_union,06 Nozzle,steel,3,66.0,83.8,83.8
case_combustor,07 Frames and casings,casing,1,346.0,764.0,764.0
case_fan,07 Frames and casings,casing,1,433.0,892.0,892.0
case_hpc,07 Frames and casings,casing,1,560.0,654.0,654.0
case_outer_aft,07 Frames and casings,inconel,1,1490.0,940.0,940.0
case_outer_fwd,07 Frames and casings,casing,1,935.0,892.0,892.0
case_ribs,07 Frames and casings,casing,86,2390.0,952.0,952.0
case_turbine,07 Frames and casings,casing,1,334.0,764.0,764.0
containment_wrap,07 Frames and casings,composite,1,330.0,917.3,917.3
core_cowl,07 Frames and casings,titanium,1,560.0,688.0,688.0
core_splitter,07 Frames and casings,casing,1,85.0,698.0,698.0
fan_frame_hub,07 Frames and casings,casing,1,117.0,588.0,588.0
fan_frame_struts,07 Frames and casings,casing,8,100.0,858.3,858.3
flange_fan_aft,07 Frames and casings,casing,37,22.0,880.0,880.0
flange_inlet,07 Frames and casings,casing,37,22.0,956.0,956.0
flange_outer_aft,07 Frames and casings,inconel,41,22.0,984.0,984.0
flange_outer_mid,07 Frames and casings,casing,41,22.0,964.0,964.0
inlet_case,07 Frames and casings,casing,1,182.0,892.0,892.0
intermediate_case,07 Frames and casings,titanium,1,1595.0,852.0,852.0
mode_valve,07 Frames and casings,titanium,25,69.9,847.6,847.6
service_struts,07 Frames and casings,casing,4,90.0,924.0,924.0
tms_hx,07 Frames and casings,copper,96,286.0,919.3,919.3
brg_1_lp_roller,08 Spools and bearings,steel,17,22.0,200.0,200.0
brg_2_lp_ball,08 Spools and bearings,steel,17,24.4,200.0,200.0
brg_3_hp_ball,08 Spools and bearings,steel,24,28.4,316.0,316.0
brg_4_hp_roller,08 Spools and bearings,steel,25,22.0,312.0,312.0
brg_5_lp_roller,08 Spools and bearings,steel,18,22.0,196.0,196.0
shaft_hp,08 Spools and bearings,steel,38,1388.0,302.0,302.0
shaft_lp,08 Spools and bearings,steel,1,2002.0,124.0,124.0
sump_front,08 Spools and bearings,steel,4,323.0,572.0,572.0
sump_rear,08 Spools and bearings,steel,3,82.0,503.7,503.7
bleed_valve,09 Accessories,titanium,5,94.0,80.0,105.0
coolant_lines,09 Accessories,copper,4,354.0,47.6,90.2
fadec_a,09 Accessories,composite,5,340.0,138.5,163.3
fadec_b,09 Accessories,composite,5,340.0,138.5,163.3
front_harness,09 Accessories,rubber,4,423.9,871.9,721.1
fuel_lines,09 Accessories,steel,4,1731.1,275.1,206.0
fuel_metering_unit,09 Accessories,steel,1,160.0,140.0,60.0
fuel_oil_hx,09 Accessories,steel,10,130.0,66.4,66.4
fuel_oil_hx_lines,09 Accessories,steel,2,98.0,11.8,30.0
fuel_pump,09 Accessories,steel,2,104.0,80.0,80.0
gearbox,09 Accessories,casing,6,500.0,238.0,128.0
gearbox_mounts,09 Accessories,casing,4,461.0,156.0,52.3
generator_l,09 Accessories,casing,9,220.0,134.0,134.0
generator_r,09 Accessories,casing,9,220.0,134.0,134.0
harness_looms,09 Accessories,rubber,20,1865.5,964.3,738.5
harnesses,09 Accessories,rubber,2,75.8,837.2,234.8
hydraulic_lines,09 Accessories,steel,4,2369.8,811.1,318.1
hydraulic_pump,09 Accessories,steel,1,90.0,76.0,76.0
ignition_exciters,09 Accessories,casing,15,970.0,901.0,194.7
ignition_leads,09 Accessories,steel,8,1221.6,897.1,241.8
line_clamps,09 Accessories,steel,96,2069.4,721.8,968.7
mode_valve_actuators,09 Accessories,steel,10,164.0,710.3,54.6
mount_aft_lug,09 Accessories,steel,4,90.0,70.0,56.0
mount_trunnions,09 Accessories,steel,4,88.0,960.0,88.0
oil_lines,09 Accessories,steel,2,1421.9,12.0,410.9
oil_tank,09 Accessories,steel,1,184.0,112.0,112.0
sensor_probes,09 Accessories,steel,56,1850.0,496.6,64.8
towershaft,09 Accessories,steel,2,44.0,44.0,360.0
